<?xml version="1.0" encoding="UTF-8" ?>
<!DOCTYPE mapper
  PUBLIC "-//mybatis.org//DTD Mapper 3.0//EN"
  "http://mybatis.org/dtd/mybatis-3-mapper.dtd">
<mapper namespace="mybatis.boardMapper">
	<insert id="boardWrite" parameterType="boardDTO">
		insert into board values(seq_board.nextval, #{id}, #{name}, #{subject}, #{content}, 0, sysdate)
	</insert>
	<delete id="boardDelete" parameterType="int">
		delete board where seq=#{seq}
	</delete>
	<update id="updateHit" parameterType="int">
		update board set hit=hit+1 where seq=#{seq}
	</update>
	<update id="boardModify" parameterType="boardDTO">
		update board set subject=#{subject}, content=#{content} where seq=#{seq}
	</update>
	<select id="boardView" resultType="boardDTO" parameterType="int">
		select * from board where seq=#{seq}
	</select>
	<select id="boardList" resultType="boardDTO" parameterType="java.util.Map">
		<![CDATA[
		select seq, id, name, subject, content, hit,
		to_char(logtime, 'YYYY.MM.DD') as logtime from 
		(select rownum rn, tt.* from
		(select * from board order by seq desc) tt)
		where rn>=#{startNum} and rn<=#{endNum}
		]]>
	</select>
	<select id="getTotalA" resultType="int">
		select count(*) as count from board
	</select>
</mapper>