<?xml version="1.0" encoding="UTF-8" ?>
<!DOCTYPE mapper
  PUBLIC "-//mybatis.org//DTD Mapper 3.0//EN"
  "http://mybatis.org/dtd/mybatis-3-mapper.dtd">
<mapper namespace="mybatis.memberMapper">
	<insert id="write" parameterType="memberDTO">
		insert into member values (#{name},#{id},#{pwd},#{gender},#{email1},#{email2},#{tel1},#{tel2},#{tel3},#{addr},sysdate)
	</insert>
	<select id="login" parameterType="java.util.Map" resultType="String">
		select * from member where id = #{id} and pwd=#{pwd}
	</select>
	<select id="isExistId" parameterType="String" resultType="String">
		select id from member where id = #{id}
	</select>
	<delete id="delete" parameterType="String">
		delete member where id=#{id}
	</delete>
	<update id="modify" parameterType="memberDTO">
		update member set pwd=#{pwd}, gender=#{gender}, email1=#{email1}, email2=#{email2}, 
		tel1=#{tel1}, tel2=#{tel2}, tel3=#{tel3}, addr=#{addr} where id=#{id}
	</update>
	<select id="selectOne" resultType="memberDTO" parameterType="String">
		select * from member where id=#{id}
	</select>
	<select id="selectList" resultType="memberDTO" parameterType="java.util.Map">
		<![CDATA[
		select * from(select rownum rn, tt.* from 
		(select * from member order by name asc) tt) 
		where rn>=#{startNum} and rn<=#{endNum}
		]]>
	</select>
	<select id="getTotalMember" resultType="int">
		select count(*) as count from member
	</select>
</mapper>