<?xml version="1.0" encoding="UTF-8" ?>
<!DOCTYPE configuration
  PUBLIC "-//mybatis.org//DTD Config 3.0//EN"
  "http://mybatis.org/dtd/mybatis-3-config.dtd">
<configuration>
	<!-- 클래스에 별명 설정 -->
	<typeAliases>
		<typeAlias type="users.bean.UsersDTO" alias="usersDTO"/> 
		<typeAlias type="goods_board.bean.Goods_boardDTO" alias="goods_boardDTO"/>
		<typeAlias type="int_tbl.bean.Int_tblDTO" alias="int_tblDTO"/>
	</typeAliases>
	
	<!-- SQL Mapper 설정 -->
	 <mappers>
		<mapper resource="mybatis/users-mapping.xml" />
		<mapper resource="mybatis/Goods_board-mapping.xml" />
		<mapper resource="mybatis/Int_tbl-mapping.xml" />
	</mappers> 
</configuration>